OBJECTID,LAD21CD,LAD21NM,LAD21NMW,BNG_E,BNG_N,LONG,LAT,GlobalID,SHAPE_Length,SHAPE_Area
1,E06000001,Hartlepool, ,447160,531474,-1.27018,54.67614,{CB7275CE-D16E-45F7-8E7D-33032FB9DF9D},70995.7229330668,93717029.9070697
2,E06000002,Middlesbrough, ,451141,516887,-1.21099,54.54467,{6598062E-357C-4E8D-B117-5D6DE45F75B7},44481.4413849518,53881562.628025
3,E06000003,Redcar and Cleveland, ,464361,519597,-1.00608,54.56752,{B23F8B9B-4D88-4C21-80D6-8041E2910EF2},96704.0315253802,245069509.42357
4,E06000004,Stockton-on-Tees, ,444940,518183,-1.30664,54.556911,{64624AEF-6611-4E3C-BBA8-870B0B889E1D},123408.788095676,204932952.708987
5,E06000005,Darlington, ,428029,515648,-1.56835,54.535339,{310B13B3-F45F-452B-88F1-DDD48C1992F5},107203.152334417,197477768.128264
6,E06000006,Halton, ,354246,382146,-2.68853,53.33424,{0F81C5F1-A69A-4C2E-ADD0-85CD315DD8D9},77770.9338001437,79084032.6157127
7,E06000007,Warrington, ,362744,388456,-2.5616701,53.391628,{A5098D1C-1355-429E-AD1D-1B1FDB6A8188},114690.686845761,180627982.923395
8,E06000008,Blackburn with Darwen, ,369490,422806,-2.4635999,53.700802,{66FA48FA-E6AD-471B-9F2D-AFB74C19EF5A},65284.9523177377,137022079.422086
9,E06000009,Blackpool, ,332819,436635,-3.0219901,53.82164,{5A10B263-24D3-418D-B649-811AA5A20FE5},34483.4799655354,34870886.4500427
10,E06000010,"Kingston upon Hull, City of", ,511894,431650,-0.30382001,53.769199,{F8BF6292-6936-42EB-978F-02EA8B41B1AC},64681.104078276,71583611.1153285
11,E06000011,East Riding of Yorkshire, ,488056,443597,-0.66194999,53.881119,{57643841-534B-4DC0-97CD-3CF764ADF9D3},504081.639206161,2404771586.81277
12,E06000012,North East Lincolnshire, ,523465,404564,-0.13911,53.52327,{FA7E60AA-9547-44E4-AB83-8ADEF2277999},93248.4865198867,192622955.911922
13,E06000013,North Lincolnshire, ,497800,410993,-0.52407002,53.58643,{EC102F64-C86E-4A2F-BE7D-096458031B23},244547.837491271,846540130.358074
14,E06000014,York, ,460864,452589,-1.07375,53.96582,{4C04F35F-05AC-4B2C-98F3-DD2E3B09961F},101947.387733639,271931825.229475
15,E06000015,Derby, ,435609,335375,-1.47189,52.914639,{20BD00A0-70CE-4049-BAF9-BE75C785B81C},50037.5273504427,78031123.6712438
16,E06000016,Leicester, ,458946,304594,-1.1303999,52.635921,{5568DE20-A417-4883-A339-57E580A2E7D2},51931.7073368346,73342071.6979175
17,E06000017,Rutland, ,492992,308655,-0.62629998,52.667648,{322A8B38-DB0F-4810-9D07-D2097DFE5EED},125884.932019303,393748906.930668
18,E06000018,Nottingham, ,456082,339969,-1.16667,52.954189,{8A4398EE-799D-4F61-A8C2-36B125A3C502},58724.0327675763,74613555.3419195
19,E06000019,"Herefordshire, County of", ,349434,242834,-2.73931,52.081539,{4589FBF4-DD74-4000-8C8E-7E27323C95ED},349889.259975133,2179709442.72887
20,E06000020,Telford and Wrekin, ,367035,313057,-2.4894099,52.714169,{BB317C8C-2CF3-402F-93BF-673032DF9235},118779.656757853,290313543.52614
21,E06000021,Stoke-on-Trent, ,389438,346652,-2.15888,53.017071,{0FDBFCF0-7C27-4AC6-83B5-73C72078C61E},63974.4506512752,93448482.2059361
22,E06000022,Bath and North East Somerset, ,366217,161999,-2.4865401,51.356041,{66865642-6EC1-4863-8D3C-C49E1FF44C1F},141684.569708065,351123212.497847
23,E06000023,"Bristol, City of", ,359990,174846,-2.57742,51.471149,{93D23A73-1D04-47CE-930E-2AEEF1E55133},108825.701912383,109666791.49649
24,E06000024,North Somerset, ,347614,166718,-2.75438,51.39706,{794E755D-4750-4AF6-9E40-F6539A137ED5},154770.171247745,374637225.937623
25,E06000025,South Gloucestershire, ,367559,183198,-2.4692199,51.54673,{78B6EC1D-4F86-4B0F-B100-10ADABF61F94},142552.756769388,497050934.271039
26,E06000026,Plymouth, ,249945,58255,-4.1129699,50.404942,{989553F2-31E9-4F5D-9B67-BCFE4479E749},92645.2859471131,79849713.8688557
27,E06000027,Torbay, ,289730,64613,-3.5552299,50.470921,{9FCAD8A4-3C67-4FB1-BBF5-CCD357671D48},77910.7009953357,62886694.4637875
28,E06000030,Swindon, ,418551,186564,-1.73367,51.577629,{41C2F1EC-FCE3-4C6D-B02C-6481777A47DE},103014.619569825,230093376.535084
29,E06000031,Peterborough, ,517372,300777,-0.26874,52.59214,{55BF3E97-4F74-482B-A79F-2C92730C2038},112677.967206289,343378156.971801
30,E06000032,Luton, ,508606,222559,-0.42319,51.891022,{79C0AA4F-AB98-439A-A448-F82A0B9730FE},34569.6026266023,43352491.4351069
31,E06000033,Southend-on-Sea, ,587777,186837,0.70692301,51.549171,{BAD8FF22-32F0-497E-83C6-03A876DA3C66},57783.2533781421,41673935.680161
32,E06000034,Thurrock, ,562123,181590,0.33486101,51.509979,{435A6A6D-2A8E-405C-AD34-5D4F1E50F3FA},115992.128205902,163837050.322348
33,E06000035,Medway, ,578207,175198,0.56317401,51.44772,{51E57A1D-1527-433A-AB08-80A425C48766},249514.824763326,193714249.225409
34,E06000036,Bracknell Forest, ,488169,168792,-0.73363,51.411301,{FD5A15BE-4BB5-413D-BD69-40E30D8833F3},62507.9039338433,109384214.697573
35,E06000037,West Berkshire, ,450575,172095,-1.27364,51.445591,{B49B1B07-C8A9-428D-B628-F48AF1D5711C},166801.583097447,704169399.468773
36,E06000038,Reading, ,470226,173154,-0.99071002,51.453018,{814DE86E-B551-4816-97D1-0499E66F9854},39330.6369676029,40397992.5605403
37,E06000039,Slough, ,498920,179246,-0.57617003,51.503502,{29705D23-D6B7-4585-9472-4302C8C61F71},44181.393234306,32542009.0509408
38,E06000040,Windsor and Maidenhead, ,492079,176541,-0.67540997,51.480339,{D6ACBE08-D980-4946-B59B-0E562D7DA067},114829.071707676,198427168.80584
39,E06000041,Wokingham, ,476624,169902,-0.89934999,51.422958,{BA1546AC-734B-4E3A-8131-2FB9D691E414},86865.5899032162,178965482.695848
40,E06000042,Milton Keynes, ,486408,242308,-0.74070001,52.072411,{00E4BBDB-FA4F-47FC-B8D9-8F424B99A570},102960.289818815,308626791.318978
41,E06000043,Brighton and Hove, ,530279,106850,-0.15079001,50.8465,{A164727A-EDD7-4327-A842-5E249206FBE9},59519.3844052792,82832959.1101613
42,E06000044,Portsmouth, ,465619,101352,-1.07006,50.807999,{FE9BF186-8BAE-402D-BF8A-0BF597B65E8B},62643.7894850186,40389409.3058379
43,E06000045,Southampton, ,442303,113700,-1.39952,50.9212,{AEA3BB30-EB49-4D63-9793-12AE168495E2},61543.9971629534,49880646.9902509
44,E06000046,Isle of Wight, ,447183,85949,-1.33366,50.671291,{7884F023-974C-4C9F-93B4-13D23EE671BD},210138.376351726,379620110.598487
45,E06000047,County Durham, ,410381,532242,-1.8405,54.685131,{5618C9E7-9F46-4F16-ADDC-958958771A5E},315062.780589158,2231457246.64249
46,E06000049,Cheshire East, ,380510,363462,-2.29299,53.167931,{A26AD46D-3CB7-4E43-A75D-480E8AE04136},301224.749702642,1166357380.99318
47,E06000050,Cheshire West and Chester, ,353097,363145,-2.70298,53.163361,{F1BC3739-A8DD-4F13-80EC-583CCEFB74EF},335614.811839088,920018000.248427
48,E06000051,Shropshire, ,350227,302960,-2.73667,52.62212,{32D4ACEC-2E41-4836-B200-28D1CE728C0C},580649.357727211,3197275382.07507
49,E06000052,Cornwall, ,212497,64493,-4.64254,50.450218,{B6A1057E-84F3-4A94-8D44-6ACE61730B53},1241734.32056242,3548939236.52291
50,E06000053,Isles of Scilly, ,91327,11447,-6.3021698,49.923321,{D0861AD1-49AD-46B5-9644-A7D75B98BD23},117979.339046542,16317753.9529278
51,E06000054,Wiltshire, ,405209,158863,-1.92661,51.328831,{FEFEE50B-53BD-487D-878D-3A7C4071B0B5},402006.286759091,3255338119.79805
52,E06000055,Bedford, ,505721,256463,-0.45462999,52.196281,{F09F7B1F-80B3-4B87-B72F-C15A7315532D},131721.083517931,476408301.257796
53,E06000056,Central Bedfordshire, ,504615,234492,-0.47753999,51.999031,{6E60BE3C-B4E0-417F-9329-05F098A442B7},232692.316778813,715665302.186695
54,E06000057,Northumberland, ,395322,600699,-2.0752299,55.300369,{11B7E0C4-018E-468C-8E2F-F28028B6F732},605421.993540234,5032268631.47677
55,E06000058,"Bournemouth, Christchurch and Poole", ,410815,94066,-1.84807,50.74609,{8B1709CC-B589-4E01-A05C-4618B45C72AE},169171.629784859,162070068.522856
56,E06000059,Dorset, ,370871,99796,-2.41467,50.79697,{B6A9AE1A-82FF-4F08-AE79-8C96C406603A},594357.656718226,2490956587.09001
57,E06000060,Buckinghamshire, ,482506,208561,-0.80568999,51.769661,{CC202EDA-C5C3-4706-B85B-A6D3BCC43214},361852.640717493,1564949149.7613
58,E06000061,North Northamptonshire, ,493590,281718,-0.62503999,52.425461,{91CF41C4-D5A6-4006-85EC-CDBA53037DEF},210629.486173939,986594568.073101
59,E06000062,West Northamptonshire, ,467187,263879,-1.01682,52.268978,{C8251083-3024-4E7F-945C-70D15E73B6EA},263792.053952239,1380395592.61811
60,E07000008,Cambridge, ,545420,257901,0.126436,52.200169,{3FFFAE5D-47F8-492B-BC28-C1ADED16CF7B},37170.3582136235,40698797.9441657
61,E07000009,East Cambridgeshire, ,555576,275765,0.283149,52.35788,{70C50C58-1EEA-4B18-92AB-B81692C59D97},234187.5969078,651286027.254174
62,E07000010,Fenland, ,536361,294959,0.0090159997,52.535439,{6DBD3AD0-956D-412E-BB07-2734863B84D3},187881.713009129,546450060.729652
63,E07000011,Huntingdonshire, ,521008,274269,-0.2247,52.353149,{376DF539-A872-416E-9C10-523911DEA135},223337.672178389,912455234.170696
64,E07000012,South Cambridgeshire, ,543295,247586,0.091017,52.108051,{CB46A6D2-C7DF-4F97-AADC-5B1F16FCB593},257078.047542402,901624805.657526
65,E07000026,Allerdale, ,317520,532997,-3.2809,54.685242,{A3D16224-11F9-46FA-9808-43EC0646A97B},326488.823591254,1258309834.54079
66,E07000027,Barrow-in-Furness, ,321741,474165,-3.1998999,54.15731,{D528B784-8B3C-47C6-BBB8-FBA240CB5AE7},146480.666517635,77896997.2619871
67,E07000028,Carlisle, ,348576,565154,-2.80498,54.978329,{AC4FF3E8-0619-4169-84D2-4EFB970C4878},278392.319321428,1038297606.56881
68,E07000029,Copeland, ,310871,508739,-3.3766401,54.466171,{1057D855-30D3-48C8-B717-800702803F85},252311.325634389,737632448.411936
69,E07000030,Eden, ,359636,526396,-2.62678,54.631069,{0729A3E8-B269-4AD4-8FB3-9B7E2DB74640},268743.656802274,2156471321.41426
70,E07000031,South Lakeland, ,349265,489555,-2.78108,54.29908,{9CE2D987-0308-4F68-A23B-CEE9559FF565},381795.002097409,1554926441.63737
71,E07000032,Amber Valley, ,436166,348084,-1.46219,53.028839,{6165D8FC-BED8-426F-B36F-EC015FF4A2CE},109036.161822695,265437866.790982
72,E07000033,Bolsover, ,448666,371548,-1.27228,53.23875,{3242208C-7848-4252-ACFD-0C83ECC24B6A},96239.0059795533,160334646.960747
73,E07000034,Chesterfield, ,440049,373359,-1.40115,53.255749,{A25F194D-5898-4F0E-A725-23415DB0C8C2},52617.6461927633,66035293.266063
74,E07000035,Derbyshire Dales, ,419697,358493,-1.70711,53.12326,{D7FD703C-7E0A-4776-AC3E-84D952C35C8B},245475.146246716,795318060.803147
75,E07000036,Erewash, ,443721,338063,-1.3509001,52.938202,{1EA003AB-FC1A-425F-9D27-F48F1EDA89AB},73547.4074227636,109630045.589392
76,E07000037,High Peak, ,410474,387660,-1.84398,53.385689,{38441D87-3B68-4BF4-9FDD-87B232172FA0},159632.653793227,540254002.914557
77,E07000038,North East Derbyshire, ,437369,362955,-1.44253,53.16243,{EE8A55C7-8002-47BA-BFAD-0934813A054C},161243.418635161,275623525.416451
78,E07000039,South Derbyshire, ,431443,325363,-1.5348001,52.824902,{23D73DB3-46B1-4369-90E8-1A018DBC62E0},166692.971482608,338126971.197302
79,E07000040,East Devon, ,313790,96050,-3.2235899,50.757599,{E64F9601-CC05-4A7A-A860-6F7FCAC796C6},219476.408977674,814245109.40111
80,E07000041,Exeter, ,293239,92005,-3.51368,50.717819,{D262E7D9-3F6D-4C4A-960A-6929A8BF2457},50238.1722506893,47033024.8364483
81,E07000042,Mid Devon, ,288064,108911,-3.5921199,50.86882,{3DB35DD8-CB1E-4180-8FE1-9AA327E73E63},246269.426737415,912900111.710061
82,E07000043,North Devon, ,265110,132532,-3.9269099,51.07621,{E814AF78-E765-41CF-B2F3-053898B13F5A},321532.693545987,1085882521.46524
83,E07000044,South Hams, ,270676,54036,-3.8199601,50.371948,{FF751D74-6EFA-4DA0-B827-5B0A8AA2FF0D},478794.084791173,886546850.814702
84,E07000045,Teignbridge, ,283144,80205,-3.65289,50.60981,{AB1C6B7C-8ED5-4AD5-AE0B-A18CE60CD819},191473.556039649,673759657.173808
85,E07000046,Torridge, ,244206,114334,-4.2172799,50.907391,{15F32CB0-2BC0-49E3-BB4F-C9111587376D},316930.37083844,985258200.613012
86,E07000047,West Devon, ,256376,86990,-4.0336099,50.66481,{85FF4C97-A90E-4A2A-8E4A-A8B37AA4A724},254096.666464397,1161110805.24187
87,E07000061,Eastbourne, ,559339,99575,0.25851601,50.773869,{886343BA-6224-45B7-959D-460F56E04A04},38032.2757954579,44161432.4139329
88,E07000062,Hastings, ,581528,110694,0.57839501,50.867241,{2734154D-9935-42A7-BA10-CC510C614168},34102.0632489635,29796092.2546969
89,E07000063,Lewes, ,541474,105686,0.007671,50.833408,{80C27872-A930-4E42-8012-8BB7CF54AF11},168359.743837341,292106799.086844
90,E07000064,Rother, ,578721,119666,0.54293698,50.948711,{BB2975DC-576D-4E2F-B4C7-01E2481B1063},180531.859680317,511753822.422895
91,E07000065,Wealden, ,555048,117180,0.205156,50.93322,{D6170E3E-06F3-46DB-BAC9-B598861A7577},225877.835372193,834948412.072706
92,E07000066,Basildon, ,571548,190848,0.47505501,51.590359,{F35F5A3E-F7C4-4718-8204-111125EF476C},85630.4758439724,110001022.963737
93,E07000067,Braintree, ,577253,227335,0.57591099,51.91634,{987C2FDA-0AF5-47A3-B1C8-7017543EF7A0},168686.280036762,611707972.276374
94,E07000068,Brentwood, ,558560,196070,0.29009101,51.641079,{F361E394-0C1C-4D29-8830-AE4042ECC6F2},72339.3648640893,153124049.543668
95,E07000069,Castle Point, ,579490,187920,0.58808398,51.561588,{04553066-277E-42FC-84F3-B1F28A2F5222},163436.866816312,44673516.7386591
96,E07000070,Chelmsford, ,572116,206972,0.49117699,51.735031,{A3FD6740-7DA4-423C-8B45-D20B56F06D38},126395.308774143,342227523.106391
97,E07000071,Colchester, ,596944,223693,0.85977697,51.877022,{87099C23-F096-4ABF-8F06-DAABA26FFA63},318167.654850104,332325215.816936
98,E07000072,Epping Forest, ,548919,203758,0.154147,51.712791,{46C6A894-F959-4DF6-8234-B498CC7E334E},123273.057417461,338984123.59918
99,E07000073,Harlow, ,545276,209589,0.103888,51.76614,{F410CD3D-A797-4E2C-9FC8-FD42DC3AFF07},28515.3507176647,30537917.1763767
100,E07000074,Maldon, ,591413,212072,0.77310598,51.774578,{A91DAA6C-C853-49DA-9651-F4CC13927BDF},469757.101657336,357815639.578039
101,E07000075,Rochford, ,585979,191417,0.683442,51.5909,{30971865-C757-4869-9D22-D39BD786C80B},234542.603502571,167092822.610966
102,E07000076,Tendring, ,614190,222141,1.108981,51.856739,{3CAD1DE8-9482-4BC6-B9C8-80EDCD13CE19},442534.783635664,336324345.713986
103,E07000077,Uttlesford, ,557832,228865,0.294485,51.935921,{CB87AAB4-B39F-424C-8A25-DFCCA610ADBA},166507.733417473,641182922.293065
104,E07000078,Cheltenham, ,394925,222232,-2.07515,51.898609,{6061EE9C-E385-40C3-9B69-C9BD6D8BFF53},38230.9516326001,46596069.5642473
105,E07000079,Cotswold, ,402125,208209,-1.97059,51.772549,{D9DFBD0F-0ECF-4207-AC58-CC917E7C0EDF},332444.390575857,1164524408.27787
106,E07000080,Forest of Dean, ,367175,212759,-2.47755,51.812489,{A76BF918-7862-4375-AD50-B5CFA966E2B7},190129.084251616,525902190.819172
107,E07000081,Gloucester, ,384071,216449,-2.23263,51.846409,{61849EAC-9B5B-4A54-A5AF-2F9FD6C76E81},33539.6389322303,40553089.0741592
108,E07000082,Stroud, ,378807,202410,-2.3081801,51.720009,{69071B83-23A9-405C-83DB-588698D5A3BA},172781.842223822,460541978.065583
109,E07000083,Tewkesbury, ,386347,226279,-2.19998,51.934849,{115C5A0E-2BE8-49DC-8D01-D6FE141BBA98},204835.336996448,414414320.159181
110,E07000084,Basingstoke and Deane, ,454508,151423,-1.22021,51.259369,{D8DA043B-2DCE-4EBC-995A-489888081193},143437.080139487,633817174.904547
111,E07000085,East Hampshire, ,474404,129237,-0.93971002,51.057652,{4F27D6F4-3CF1-4D72-BB16-1871ABA08747},144540.456381259,514432073.296432
112,E07000086,Eastleigh, ,447202,116802,-1.32943,50.948719,{A32CCCC9-3556-4B33-9CD5-AA0A2C90140B},75889.818369816,79678661.7594297
113,E07000087,Fareham, ,453774,106319,-1.23742,50.853882,{A2D33417-A6EE-43A0-BE02-0C751128916C},66342.5864839331,74256780.9033808
114,E07000088,Gosport, ,458769,101088,-1.16731,50.806358,{FE564F7F-F549-41AE-81A6-C400B05396CC},40198.8783633605,25373864.3668317
115,E07000089,Hart, ,477985,154240,-0.88321,51.281971,{4FE89762-22EB-47CB-8B8B-4BAF54656288},77847.6509709791,215265080.7362
116,E07000090,Havant, ,470178,108564,-1.00398,50.872311,{03C373A6-FCF5-4059-B107-ED7000CB806A},115625.951907801,55739559.5549124
117,E07000091,New Forest, ,428748,106521,-1.59293,50.857479,{B338C83A-E22D-4466-82DE-A37478AEBAC7},332043.002895272,752175262.570157
118,E07000092,Rushmoor, ,486022,153944,-0.76806998,51.278149,{7F5A7E7A-F16A-4BA0-8AEA-7E67ACFCC689},31892.9860931807,39045039.9990621
119,E07000093,Test Valley, ,434930,137329,-1.50214,51.134171,{72148BF7-5506-459F-8469-424124A3B2AB},190816.011685141,627595194.089379
120,E07000094,Winchester, ,453115,125901,-1.24393,51.030022,{0272EE4E-ECDF-4623-A114-29B1BD654C4A},172157.928469101,660970091.230922
121,E07000095,Broxbourne, ,534742,204251,-0.050730001,51.720798,{467B9FC6-711C-4AA5-BCE8-03C58CC8CF0C},39068.7347762828,51442302.8941146
122,E07000096,Dacorum, ,500084,208745,-0.55097997,51.768452,{A742C574-0BBA-43EA-AB7B-542A6E266925},110103.603607566,212476395.569261
123,E07000098,Hertsmere, ,519774,199352,-0.26899001,51.680168,{64803B3D-7309-4BF7-924D-CE2F4CD19118},61228.1015167854,101128162.404543
124,E07000099,North Hertfordshire, ,522192,230256,-0.22314,51.957378,{CC3F9710-E7F8-4EE3-BFFB-FBB88488DCC9},168316.641493228,375382315.757171
125,E07000102,Three Rivers, ,507313,196418,-0.45005,51.656319,{A2BDB5F9-A095-46F7-973E-D4B37B20D2B6},74112.5121827276,88824172.4605269
126,E07000103,Watford, ,510441,198197,-0.40428999,51.6717,{7101549C-B002-4F40-8BF1-3884A3F9F846},26392.3637917563,21430351.4040458
127,E07000105,Ashford, ,597640,140644,0.82337397,51.130959,{1D913303-A5CB-4072-9010-9F47D46F42AB},149446.336252667,580617311.42168
128,E07000106,Canterbury, ,616032,158096,1.096342,51.281021,{4CBE666D-DDEA-4470-86FA-526C2FF2BD7E},134481.533238153,308752563.330442
129,E07000107,Dartford, ,556167,172917,0.245276,51.433731,{69346AEB-8C55-47FE-B9B6-522F37DFCDE3},57309.3850914061,72725578.227883
130,E07000108,Dover, ,628964,150942,1.2768871,51.211761,{2CCCD941-9D32-46EB-A832-29D4FA487ACC},148160.693909828,315337969.558861
131,E07000109,Gravesham, ,566969,169114,0.39874399,51.396488,{606D6B1A-78B4-4956-87FB-68CC737DAB3D},60516.7211625426,98991344.3909097
132,E07000110,Maidstone, ,580489,151670,0.58406103,51.235661,{FD7723B6-0458-48E1-9C6C-E0552B034D5F},122980.443774681,393329513.555515
133,E07000111,Sevenoaks, ,552776,155218,0.188936,51.275631,{4B81FE1E-FCA9-4ECB-9F8B-DE7E6D2BA712},134435.330146171,370346869.562799
134,E07000112,Folkestone and Hythe, ,610318,134595,1.000795,51.072128,{F0E164C6-FDF2-457B-B5A5-A06777F3DDAE},148969.398554026,356921036.861493
135,E07000113,Swale, ,593583,161818,0.77689302,51.32251,{F7FC9ABF-C7A1-47D8-BB12-CFDEFD2AB9E8},347823.073920434,373436666.268999
136,E07000114,Thanet, ,631839,166752,1.328226,51.35252,{C7762402-6252-48B4-A357-DCFB0A70C7FB},65351.0799155182,103609163.12645
137,E07000115,Tonbridge and Malling, ,564014,153898,0.34930599,51.260639,{5939EBEE-D4A9-437F-8D63-F07D3B782C0E},133211.273866146,240114269.485383
138,E07000116,Tunbridge Wells, ,573139,136599,0.471632,51.102539,{A5BAF078-BE9A-44F3-9645-05DD697A7157},150590.348271021,331328858.204448
139,E07000117,Burnley, ,384886,430882,-2.2307999,53.774059,{44DC3886-E378-4759-8086-A0A248BB1910},57764.4790119147,110683998.009225
140,E07000118,Chorley, ,359189,419724,-2.61921,53.672401,{86101A93-1622-40C7-A7FC-8ED5E75414B7},114515.887165166,202762136.977989
141,E07000119,Fylde, ,339554,433811,-2.9191401,53.797089,{0E0A8205-F13B-4424-A9DD-9C83295643A6},138118.3976187,165696809.242251
142,E07000120,Hyndburn, ,374407,428971,-2.3896401,53.756481,{7A1A3DB4-C6E8-4EEF-A258-32555E278209},42726.6455330732,73006538.3962829
143,E07000121,Lancaster, ,356896,464988,-2.6603,54.07901,{8A9320F8-6D9C-4187-8ECC-2F1BEDCAAE89},345319.329046165,566931386.989956
144,E07000122,Pendle, ,387637,443368,-2.18957,53.88636,{A873A055-38C1-4791-AF2F-DB4B4BD43626},79243.6273907024,169380095.936739
145,E07000123,Preston, ,352825,436432,-2.7180901,53.822021,{4A5F40BC-ABD9-4A48-AD95-5115F1665D7F},82804.9151529497,142284181.587194
146,E07000124,Ribble Valley, ,372687,447676,-2.4173999,53.9245,{B5ED291A-F9A7-4DF2-9786-B11E3D90FAF5},150571.019012166,584462427.345191
147,E07000125,Rossendale, ,382827,420955,-2.2614901,53.68478,{5F270962-471C-48FD-A90F-7363E40DA22F},71149.6678904946,138040902.834675
148,E07000126,South Ribble, ,352017,425840,-2.7287099,53.726749,{9BF5A296-A512-4847-BD50-45A394DA2625},105351.716728634,113141866.937349
149,E07000127,West Lancashire, ,342611,413270,-2.8689301,53.612831,{1FD5438B-2D3C-431F-B9ED-14545F24072C},227324.589989579,346632973.113901
150,E07000128,Wyre, ,347295,445159,-2.8035901,53.89991,{A6BA2B5A-8555-4C1A-8D8C-3C8E5BE95770},212730.721154547,282164810.76028
151,E07000129,Blaby, ,454385,297994,-1.1988699,52.577061,{1B608524-901D-401A-A73E-AF2CF960B595},100819.772020311,130468677.480574
152,E07000130,Charnwood, ,458365,316155,-1.13694,52.739899,{D0A5019E-F2EB-45D7-B89A-F0F216824E7A},115474.270424313,279042273.104686
153,E07000131,Harborough, ,474549,293875,-0.90228999,52.537659,{5139EAC0-38F2-4EA3-9BA1-F7ABB2ED2DD0},185950.639810548,592692043.934874
154,E07000132,Hinckley and Bosworth, ,439538,301379,-1.41755,52.608768,{4C9FDCF1-6BB8-4ED3-9D18-BF3CCE9D2D8E},111545.991773985,297351487.709417
155,E07000133,Melton, ,477328,323472,-0.85439998,52.803291,{4DD91792-72A9-4DFA-AFA4-E4586DAED67D},140629.285236828,481380509.624025
156,E07000134,North West Leicestershire, ,439111,316252,-1.4220901,52.7425,{9E2A3C5A-CD2B-4B1C-B127-692F283A6193},116453.02578521,279328076.04254
157,E07000135,Oadby and Wigston, ,461543,299379,-1.0930001,52.588749,{176B58FB-FFB4-42D2-A353-355AA96009AD},31171.7329461944,23526096.5259904
158,E07000136,Boston, ,526851,343953,-0.11218,52.97794,{266A944B-5A6E-4A12-9F94-DC3304D1A5EF},440527.091352859,364008573.37703
159,E07000137,East Lindsey, ,534861,376064,0.020516001,53.264462,{BAAF0AF7-E683-4E9D-A1B7-4D485ED43062},373175.487592906,1766773259.03549
160,E07000138,Lincoln, ,496347,370096,-0.55848002,53.219212,{ACE9F83A-41D3-4FB4-B402-5584A1EFE45C},32969.7629878016,35690274.4634582
161,E07000139,North Kesteven, ,502135,354788,-0.47670001,53.080582,{248D9186-3739-4E74-9008-35A78A436D36},181807.630394147,922471383.408119
162,E07000140,South Holland, ,532910,322928,-0.03057,52.787579,{E797BB23-F0DB-4B8C-808F-C1A53F7EF575},438385.626571408,750076114.076317
163,E07000141,South Kesteven, ,501406,328986,-0.49564999,52.84885,{1C217531-233C-41D6-B3DA-01F0A890A306},209816.236294167,942585798.373378
164,E07000142,West Lindsey, ,499314,390326,-0.50774002,53.40044,{0E983EE8-F99E-4927-93FF-ABB3CBC5896A},249630.480178224,1155731961.18366
165,E07000143,Breckland, ,591015,303330,0.81871599,52.594212,{742C23BA-0F9C-4B4B-B35B-4F87C532A910},239527.484425479,1305116638.26244
166,E07000144,Broadland, ,619864,315909,1.252317,52.69622,{0A99588A-A3C2-4EB4-A301-472D3DBB19AF},219128.148673154,552060635.569045
167,E07000145,Great Yarmouth, ,646761,315881,1.64951,52.684391,{17FA8FD8-FC8A-444C-868A-66B0F2B72BFA},145908.0170985,174314101.655188
168,E07000146,King's Lynn and West Norfolk, ,571219,315805,0.533243,52.71283,{66A5DF1D-5073-4881-A681-0D87ABE98996},695922.611445035,1439522738.02397
169,E07000147,North Norfolk, ,611076,330857,1.132099,52.833889,{C23F6AE9-976E-4770-A856-B9471287059D},600214.69202561,967553195.426942
170,E07000148,Norwich, ,622355,309773,1.284979,52.640129,{319AF59D-210A-4413-8799-D3B215CAB694},52686.5007648365,39021966.2859923
171,E07000149,South Norfolk, ,628990,295823,1.373233,52.51218,{5F36BDCC-1E21-4AA8-8F3B-CC6D198058F8},266872.270403056,907576581.38748
172,E07000163,Craven, ,389513,461989,-2.16168,54.053761,{F261FE6E-A689-4C53-80B8-3D6EAD11E0F4},199883.569852491,1178807442.7374
173,E07000164,Hambleton, ,443009,490546,-1.34049,54.30872,{DB4A0909-0D22-4EAF-A980-47545B7D51AD},298549.71615003,1311242676.26769
174,E07000165,Harrogate, ,427473,464652,-1.58161,54.07708,{17818438-BCDD-4E04-A7EA-6CF45602EF38},246983.783503522,1309117894.68926
175,E07000166,Richmondshire, ,401039,495786,-1.98552,54.357609,{0CA86635-DEB0-4350-9D61-BE2A9E7B31EE},221695.052013126,1318702675.02494
176,E07000167,Ryedale, ,475590,478890,-0.84276998,54.200211,{9C4E4C90-D00A-435D-986C-0D85249F0C73},249873.201632971,1506594092.81982
177,E07000168,Scarborough, ,495798,495548,-0.52778,54.3465,{FCD0E113-7EEF-4950-A883-802AF4AF310C},241939.621096428,816188424.699189
178,E07000169,Selby, ,457551,426670,-1.1290801,53.733269,{3E388919-D627-4EDD-A3E7-6AD176576DA1},264847.131710104,599315524.903365
179,E07000170,Ashfield, ,450035,355843,-1.25422,53.097469,{03B3D621-C860-4DAE-B7F6-8721DC72515F},69174.7010836953,109557941.223154
180,E07000171,Bassetlaw, ,468073,384835,-0.97869998,53.356041,{256CA609-D4D8-4D7D-980E-B41AC0D02D89},159734.427115588,637803646.751062
181,E07000172,Broxtowe, ,449829,341893,-1.2594399,52.972099,{B569EF4D-153F-492F-B6E6-0B46DBE141B6},65999.6165048594,80098842.6460647
182,E07000173,Gedling, ,459184,347811,-1.1190701,53.024342,{63F23CA9-BD4B-49B7-8280-BCD0B021E7D6},69754.3805457455,119981506.141321
183,E07000174,Mansfield, ,455047,363637,-1.17804,53.16703,{7C25223B-4918-4BB7-8001-2E6013CA8CF3},51090.8148505842,76696899.02723
184,E07000175,Newark and Sherwood, ,470624,357451,-0.94643003,53.1096,{5D607196-72FE-47AC-B086-1ADA10BBED99},187422.294092544,651340472.184242
185,E07000176,Rushcliffe, ,466606,335453,-1.01097,52.912399,{09BF7A09-73C0-403E-974D-F309B84B9C06},123324.204812503,409231535.976331
186,E07000177,Cherwell, ,449301,221201,-1.28506,51.887199,{A679084F-B5B2-4CD8-96D2-EE2BB6A262E8},225626.040390187,588741166.442355
187,E07000178,Oxford, ,452277,206368,-1.24405,51.753571,{91B89E54-2DDD-4AAD-A0D3-FE3B6F2E1C7A},34999.534855006,45602916.3578427
188,E07000179,South Oxfordshire, ,463890,191964,-1.07847,51.622879,{E2EAA2CB-76AD-4F62-91A8-CEC780A6993C},205399.796379623,678521424.508484
189,E07000180,Vale of White Horse, ,435693,195197,-1.48543,51.65443,{A02A6185-E50F-41D3-9EC6-08B9764F6053},175976.842181864,578660266.642897
190,E07000181,West Oxfordshire, ,434343,215816,-1.50292,51.839901,{742332E3-2AE7-4AB8-8BC8-9CD37922650B},160247.497018012,714422027.37788
191,E07000187,Mendip, ,362238,144090,-2.54178,51.194759,{FF8C0688-0728-4D30-8F2D-36A9E7DE2FCA},198849.803772949,739435425.721285
192,E07000188,Sedgemoor, ,338429,143998,-2.8824601,51.19186,{C71E607D-6C49-4008-89D3-3EAD14E2A242},258006.977750276,564223845.124049
193,E07000189,South Somerset, ,345633,120798,-2.7758801,50.98399,{7AE41DF6-0A92-40AA-9E3B-B8267B6DD2D1},241316.735903671,959040235.642624
194,E07000192,Cannock Chase, ,401261,311553,-1.98277,52.70166,{B9B88FDF-B543-4BF1-BC05-24377587B52F},50127.5676827052,78882571.1932385
195,E07000193,East Staffordshire, ,412601,326569,-1.81438,52.83651,{D73B9D61-2B7E-4048-8B24-7B411C3A01DD},183696.080171671,389987162.339023
196,E07000194,Lichfield, ,416283,310967,-1.7604899,52.696152,{35CFC33D-4E66-42AA-90AE-31A25D281846},127468.123665332,331294331.289989
197,E07000195,Newcastle-under-Lyme, ,378199,345174,-2.3263099,53.003448,{270532DA-FFE2-4894-A579-4AABDA02B48C},108258.877906414,210957320.579339
198,E07000196,South Staffordshire, ,389625,311037,-2.1549499,52.696918,{96B44E34-E307-42B1-90DD-89AA0166BFDE},184894.034988598,407322253.062806
199,E07000197,Stafford, ,389001,327836,-2.1647501,52.847919,{EA4B565E-25D3-4A17-9EB1-0AFB7D919900},159078.504004003,598172232.707002
200,E07000198,Staffordshire Moorlands, ,400543,352443,-1.99334,53.069241,{B348500C-DB76-4CB3-813B-CD021F9CC4D5},152448.005729777,575849820.398544
201,E07000199,Tamworth, ,421455,302550,-1.68451,52.620312,{A829F318-27BC-4AC9-A199-A8FB98111404},30729.9145727779,30850718.7653138
202,E07000200,Babergh, ,599987,244692,0.91614902,52.064499,{A1089E86-E881-43DD-B538-8F1C55F7E12A},210447.779062672,595116562.536499
203,E07000202,Ipswich, ,617161,244456,1.166145,52.05592,{4E1683F5-870D-4731-AE28-902CF177B657},45342.2917616399,39509795.4510085
204,E07000203,Mid Suffolk, ,611646,262338,1.096953,52.21859,{9F12BAA3-3809-4CB9-8709-DC095C22531A},191154.578858461,871070646.004869
205,E07000207,Elmbridge, ,511882,163658,-0.39441001,51.360981,{0A082318-5E43-4805-BB79-1B22A90C86CA},52205.9992807471,96334274.6959685
206,E07000208,Epsom and Ewell, ,521176,161475,-0.26172,51.339451,{02D5860A-46DB-4F28-BE20-441634E6EC1E},28503.6676331565,34079152.842615
207,E07000209,Guildford, ,500408,151481,-0.56256998,51.253658,{5E6C7801-80D5-4EA6-84B6-45A5E586A5D1},128414.098855642,270931187.387406
208,E07000210,Mole Valley, ,518377,148953,-0.30603001,51.227489,{4611DAC7-BF80-4792-8B2E-2DD0A7D404B4},105402.687786554,258320952.517086
209,E07000211,Reigate and Banstead, ,525786,152574,-0.19870999,51.258461,{2DABCE9B-F7C3-4A73-AD77-F60AA0793871},79923.5079804308,129143924.297438
210,E07000212,Runnymede, ,501777,166979,-0.53855002,51.392731,{B49425A3-CA58-4130-BAAD-2208C3E47ABA},45677.2898592863,78040686.6911876
211,E07000213,Spelthorne, ,507012,169622,-0.46254,51.41552,{9D19C64E-33BB-49B1-A83D-C9E04FF375AC},44134.4491837054,51161362.6652056
212,E07000214,Surrey Heath, ,491362,160483,-0.68985999,51.336102,{C65C3E79-2FAF-4AF4-8B8F-B0572F10C258},53559.6224961713,95092959.252587
213,E07000215,Tandridge, ,536365,150325,-0.048050001,51.235809,{AF3CA80E-DBBF-4F0D-AE71-F0512C551F82},83136.7824737629,248194569.761402
214,E07000216,Waverley, ,496363,140635,-0.62343001,51.15686,{2A236038-56A6-4B62-9B96-C7F5933AA344},125435.762711868,345170238.029916
215,E07000217,Woking, ,499087,157542,-0.57981998,51.308369,{2AC50FD0-1A02-4878-8268-78AF520C16C4},54781.3272127086,63603603.4636268
216,E07000218,North Warwickshire, ,425570,296399,-1.6242,52.564838,{488CAA57-53B7-47C4-9C4B-45F47F65038B},113230.423180909,284261502.742975
217,E07000219,Nuneaton and Bedworth, ,435419,289352,-1.47965,52.500938,{66336FC9-9442-4BBC-B36D-4C78ADA64691},48148.5849617251,78950291.6448386
218,E07000220,Rugby, ,446498,276244,-1.31828,52.382278,{CC70447D-431D-405F-BDBB-B2D3D06DE6DE},115093.419606897,353557288.510639
219,E07000221,Stratford-on-Avon, ,425019,251536,-1.63565,52.161541,{F51C7D1F-B592-4A45-8646-92FE3DACEDB6},261383.673616722,977869055.569874
220,E07000222,Warwick, ,428484,267113,-1.58369,52.301418,{F4732695-C121-4256-A1D3-841A29A482F5},116717.127234739,282882319.745321
221,E07000223,Adur, ,518076,106472,-0.32416999,50.845718,{D1AC189E-4741-4C65-914D-4468A76DCCA5},60515.6323454367,42065494.4624085
222,E07000224,Arun, ,495144,105723,-0.64999002,50.843208,{43362BB0-7AD9-4FCA-9B64-D6E6A5F23040},156497.760289444,220991201.218704
223,E07000225,Chichester, ,490285,116600,-0.71630001,50.941769,{4F7E01A2-F932-4CA5-929A-7CCEA0FB87A7},297274.810350627,786194857.397063
224,E07000226,Crawley, ,526390,137581,-0.19532999,51.123569,{0DC6AF62-3D39-46B4-96BF-A4FCC5776663},38799.4149296303,44971203.1523988
225,E07000227,Horsham, ,513674,123840,-0.38126001,51.00272,{31EF45CD-F1B1-4A37-A0B3-5A77AD159596},215759.513693579,530278365.069772
226,E07000228,Mid Sussex, ,533054,130623,-0.10272,51.059528,{578C1F72-776C-4E6E-A5DB-440051232CF6},132912.176488487,334029226.734118
227,E07000229,Worthing, ,512679,104948,-0.40127,50.833099,{512C4508-7BCD-47AE-80B8-0302FA7587D2},29462.0951932158,32521008.0470744
228,E07000234,Bromsgrove, ,399840,273736,-2.0037601,52.361691,{A74D6F5C-4D80-4E2D-BBEA-80D8982D075A},113135.305965416,216968481.006756
229,E07000235,Malvern Hills, ,377465,252197,-2.3308899,52.16758,{15F62238-CCAD-464C-B7D3-A94A0F25814B},230605.355251966,577070979.602111
230,E07000236,Redditch, ,403705,265253,-1.9471,52.285412,{AF8F9D95-16C5-415E-B6B0-26AD418C24B4},41301.7560073474,54250911.917881
231,E07000237,Worcester, ,385725,255196,-2.2102499,52.19482,{25C99584-1FDD-4772-A249-4F6E51E7094C},31263.0662757778,33278125.0236459
232,E07000238,Wychavon, ,398991,247839,-2.01614,52.12886,{C992933C-39E8-4F9C-B58F-C6A6068B00E3},219519.701324354,663541973.452684
233,E07000239,Wyre Forest, ,384106,276388,-2.2349401,52.3853,{316D422F-A58A-44BE-B688-8C920F289FCB},100867.075355581,195403721.028133
234,E07000240,St Albans, ,514580,209623,-0.3407,51.77356,{17F96C8A-DE26-43AE-8D1F-8ACF37BFBBC6},72946.2848058613,161205874.244272
235,E07000241,Welwyn Hatfield, ,525345,208467,-0.18517999,51.760872,{1DBC26F1-280A-40B0-83E8-56D0F9393F46},82391.982996834,129536896.518243
236,E07000242,East Hertfordshire, ,537995,220370,0.0027389999,51.864849,{B1BC5B79-FAAB-40A7-A749-D9BC63C21ABC},135188.178395544,475669102.364313
237,E07000243,Stevenage, ,524622,224531,-0.18987,51.905392,{19AF70C9-1495-4BF4-9DA3-202AB580AEAF},28588.2613575799,25969241.2793979
238,E07000244,East Suffolk, ,636043,266272,1.4561861,52.243992,{791F55CF-8679-434B-8D7C-998C9C4C831B},584790.28754784,1260989579.41265
239,E07000245,West Suffolk, ,580944,271124,0.65276903,52.308418,{169C0812-ACD8-4F1C-BB1A-B7B485D71BE1},274547.455563972,1034675782.90322
240,E07000246,Somerset West and Taunton, ,304960,130228,-3.3576601,51.06348,{10BA4CCD-443D-4A3D-B135-6CDC03FDBED8},288679.023924563,1189084425.68249
241,E08000001,Bolton, ,368352,409873,-2.4795201,53.584492,{18AF6AAD-55ED-4D31-8FF8-31C3EB21D2A9},82647.1577312723,139792042.62735
242,E08000002,Bury, ,379658,410768,-2.3088,53.593102,{F165EDBD-999A-4D5E-8293-FAAAE5FF8D92},68541.6884111012,99460126.878406
243,E08000003,Manchester, ,384591,397063,-2.2335899,53.470089,{604C47D5-AABC-4BC1-A62E-D75316AA4B40},86856.399657304,115648368.019407
244,E08000004,Oldham, ,396603,406784,-2.0527401,53.557678,{31BA56B6-884E-4736-9CF4-923E68E1D82D},71165.7204608286,142344917.444295
245,E08000005,Rochdale, ,390315,412326,-2.14784,53.60741,{20DACE3D-1B75-4B91-ADC7-D15D174CD941},82713.1445559286,158128175.389535
246,E08000006,Salford, ,374556,398128,-2.38485,53.479271,{0D29D9D0-51E5-4B07-8E87-BF6273DEAB39},63268.741592138,97197278.4970104
247,E08000007,Stockport, ,391806,388264,-2.12467,53.391159,{14BC1908-3839-48C0-82E2-898F12C5E4BE},73638.5557808954,126040311.275185
248,E08000008,Tameside, ,394987,397995,-2.0769999,53.478668,{9A27BA06-CDE8-4942-BBB5-CB63A9FD24D8},55988.976221364,103154292.986139
249,E08000009,Trafford, ,375790,391162,-2.36572,53.41671,{2C2DB90E-B357-4E9C-835C-F587C0D61ED2},60718.0872123572,106044612.389867
250,E08000010,Wigan, ,362136,402126,-2.5724699,53.51445,{54D8976E-E105-442C-AD28-09B678F4BE3F},88690.3858142558,188171012.467799
251,E08000011,Knowsley, ,344762,393778,-2.8329699,53.437881,{7D176692-BA9C-484E-806B-0702A6920313},68167.3691636953,86500060.7557361
252,E08000012,Liverpool, ,339361,390553,-2.91364,53.408298,{ED4554F7-4600-4965-B9FF-517C26CE3563},62699.7487831678,111835572.36201
253,E08000013,St. Helens, ,353412,395992,-2.7031,53.458618,{A4A91E7D-3CF6-43DE-9683-CFA4CB40CCB5},76386.889589881,136358793.482882
254,E08000014,Sefton, ,334282,398832,-2.99177,53.482101,{B7CDC76C-810E-4658-A1BD-F5D2E33BC2DA},130345.752802741,156578243.92381
255,E08000015,Wirral, ,329110,386965,-3.0670099,53.374779,{0F504762-3D76-4168-A3F2-995A1FB2C6BF},133924.408539141,160922013.989637
256,E08000016,Barnsley, ,429979,403327,-1.54925,53.525768,{311BB6DC-B2BF-4F12-9FDE-5ABE5B0EA2A5},126421.141156487,329077594.503711
257,E08000017,Doncaster, ,459167,403735,-1.10894,53.52697,{840D0E59-A8EE-4107-95EC-D85546A9EEA3},171114.48848027,568006405.286511
258,E08000018,Rotherham, ,447542,388980,-1.28651,53.395531,{0FDC8031-398D-4601-AF3F-0A67CD848277},106151.90384443,286534366.876585
259,E08000019,Sheffield, ,430511,389736,-1.54254,53.40358,{B41B2146-378E-4B09-B227-3D068BAD2109},132837.066229986,367930013.451283
260,E08000021,Newcastle upon Tyne, ,422287,569661,-1.65297,55.021,{7292481C-7085-4B8A-B7BC-FFA392C97D6F},65224.1224978586,113446877.564819
261,E08000022,North Tyneside, ,431471,570602,-1.50923,55.028961,{09813629-55D1-4A11-9E03-239AE10ED754},65347.6718882176,82311584.9263394
262,E08000023,South Tyneside, ,435514,564057,-1.44679,54.969879,{B738E225-2E10-464A-96B8-EC7310B2E2D8},51335.2667794196,64420348.6388854
263,E08000024,Sunderland, ,436470,551524,-1.43344,54.857189,{3DED41A0-6746-4432-91C6-4BEA64C7CDC6},99824.6252634884,137436258.072006
264,E08000025,Birmingham, ,408150,287352,-1.88141,52.484039,{46824F47-58EB-47AB-A8C8-6E812092C02C},106260.619497994,267791058.7982
265,E08000026,Coventry, ,432807,279689,-1.51908,52.41423,{0874E4D7-5AC4-43B7-9A86-DF1F219ECC15},54057.1910587664,98639060.6570548
266,E08000027,Dudley, ,393191,288584,-2.1017101,52.495129,{F1C01E4C-BA9E-4A5B-8717-BA115EEDBF1D},75382.2802756355,97958243.3410325
267,E08000028,Sandwell, ,399573,290764,-2.00771,52.514771,{5EE08F6C-DFDA-456E-A2DF-F1034DB8E419},59211.0011310175,85558927.8995642
268,E08000029,Solihull, ,419434,281483,-1.71558,52.431,{C68A922A-51FE-4098-B55C-AB36B6CC7183},101031.275128473,178282117.055431
269,E08000030,Walsall, ,402098,300804,-1.97044,52.60503,{63D4F599-F3FA-4943-A0E6-460A18E89836},59401.1794285966,103973538.346297
270,E08000031,Wolverhampton, ,391463,300016,-2.12746,52.597881,{9153A77C-24D3-4151-95A1-2983EB859FDC},56054.7886611398,69436709.4774898
271,E08000032,Bradford, ,408395,438626,-1.87389,53.843819,{12851CCD-1CC1-4A7A-82BA-29F017749994},135920.365236872,366419745.436529
272,E08000033,Calderdale, ,402617,424896,-1.96182,53.720482,{7783AE4E-76DB-42AD-B6C1-531350DF7164},107687.187293662,363960992.684863
273,E08000034,Kirklees, ,414586,416223,-1.7808501,53.64233,{6C5C21CF-FBB3-4EA4-A954-A05C3678989F},125668.277769938,408551660.797515
274,E08000035,Leeds, ,432528,436384,-1.50736,53.822731,{D87B794D-DDFB-41B5-87D2-E958C4A19413},161521.735517059,551706535.832653
275,E08000036,Wakefield, ,438366,418235,-1.42092,53.659222,{62BCC5BD-48A0-42BD-A69F-B43A30CC51AA},109447.28637914,338619733.848031
276,E08000037,Gateshead, ,420159,559652,-1.68694,54.931149,{120F7C90-000D-4840-94D4-7ECE252AF5D0},89794.0623720492,142354807.58406
277,E09000001,City of London, ,532382,181358,-0.093510002,51.51564,{4C6BDE7B-2DCE-41EF-A5BE-FF3E001D2052},9404.60040928951,2889678.8227915
278,E09000002,Barking and Dagenham, ,547757,185111,0.12947901,51.545551,{328F185C-C5EF-446C-9519-AA83177D524D},40903.0061195045,36101367.4379851
279,E09000003,Barnet, ,523473,191752,-0.21819,51.611069,{81F2F1E6-D68F-41C7-80FD-C8AEF7EB4870},50937.7781770676,86766703.236342
280,E09000004,Bexley, ,549202,175434,0.146212,51.458221,{B093597C-1BDC-409D-B1E8-CC502C9C4A69},47959.4902384452,60578408.3854902
281,E09000005,Brent, ,519615,186465,-0.27568001,51.564381,{A470B107-725F-47A2-A339-D0A5A6BB505A},38441.4621103205,43236364.4997335
282,E09000006,Bromley, ,542036,165707,0.039246,51.372662,{44579BE8-03DF-4E38-9C38-379CE1A5E99F},76225.7196547586,150132482.603206
283,E09000007,Camden, ,527491,184283,-0.16291,51.543049,{8A088A35-2A55-4A42-8BE6-01A31CBAC879},26245.739181562,21778579.6560004
284,E09000008,Croydon, ,533922,164744,-0.077610001,51.365971,{31D1741D-E4AE-43E8-AA78-CEB50BD62B7D},58721.1957720401,86488720.6605294
285,E09000009,Ealing, ,517055,181959,-0.3141,51.524422,{2CD4F9D2-5A5F-4FED-A1E8-896E7688DB59},47461.4174836169,55542068.9728746
286,E09000010,Enfield, ,532831,196198,-0.081440002,51.648891,{54492DC9-2E90-43E3-BE30-386EAEABA4DC},41091.4717649011,82190329.6982779
287,E09000011,Greenwich, ,542507,175878,0.050092999,51.46394,{6399BE80-8CD6-4616-B499-A60188855C66},47635.2867733161,47311233.3829883
288,E09000012,Hackney, ,534560,185787,-0.060449999,51.55492,{44E9E197-371E-4D90-952B-2FCC8E2A5CD5},25441.8544430666,19043878.1759467
289,E09000013,Hammersmith and Fulham, ,523867,177993,-0.21735001,51.487331,{386BDA42-432E-47AD-A44D-23206FDA81C6},24008.09587154,16403288.6433932
290,E09000014,Haringey, ,531260,189349,-0.1067,51.587711,{6C2AB332-3A21-4EFA-89B0-34076A81E011},29085.5089573245,29606188.7568539
291,E09000015,Harrow, ,515359,189736,-0.33598,51.594669,{7D0388A1-200E-42AC-BBF2-A38DFA62E06B},33811.7912858702,50464270.393498
292,E09000016,Havering, ,555032,187514,0.235368,51.565189,{CBFCDB8A-5471-44DA-B8C8-A40BB44091F8},63722.7137240531,112343558.252949
293,E09000017,Hillingdon, ,508166,183121,-0.44182,51.53664,{59E3178F-146E-4939-A441-A7248EA57ECE},63941.0212862205,115704359.838712
294,E09000018,Hounslow, ,512737,174959,-0.37854999,51.462379,{85A55EEA-ED66-491E-9CF9-F6A48139862D},64533.8036505847,55962868.5597138
295,E09000019,Islington, ,531160,184645,-0.10989,51.54546,{99F9DF2F-40F4-4A3F-8549-47488307F8B6},20747.7400804081,14858041.7197012
296,E09000020,Kensington and Chelsea, ,525756,179058,-0.18977,51.496479,{12917555-F766-4058-A328-5C989B75B72F},21062.9409676591,12123771.9001363
297,E09000021,Kingston upon Thames, ,519508,167389,-0.28367001,51.39296,{157836C8-9F55-472D-9501-F718E30E3A7E},37549.9217180313,37259416.9781001
298,E09000022,Lambeth, ,531118,175629,-0.11385,51.464451,{49AC92CA-AAED-4A85-A0FA-170058FF67DC},34048.7120363001,26807014.529104
299,E09000023,Lewisham, ,537888,173343,-0.017340001,51.442299,{0867DC21-B12B-4585-8C13-AA3CEDB13191},41214.8903254514,35146120.5136567
300,E09000024,Merton, ,526068,169508,-0.18867999,51.41058,{B1DCAC0B-6C9A-464B-9DFC-1FBB825FD20E},32439.5336737713,37624038.2781569
301,E09000025,Newham, ,540713,183346,0.027261,51.53149,{57BE5B69-0884-44A4-877F-E9FB886753BD},35876.144941093,36195900.4259154
302,E09000026,Redbridge, ,543512,189477,0.070084997,51.58588,{E341A775-F64D-4078-8589-44C1100892B8},50492.9387840991,56397395.0135452
303,E09000027,Richmond upon Thames, ,519005,172650,-0.28913999,51.44035,{3FAFE9A8-191F-4B8A-A9D5-8613339EA53D},68932.8489734004,57392803.7217089
304,E09000028,Southwark, ,533945,175869,-0.073080003,51.465939,{2EA27092-324A-418C-B639-FD37848C1325},34596.3421579807,28877697.1057426
305,E09000029,Sutton, ,527357,163639,-0.17226,51.357552,{2C04BAAF-D129-4440-B033-4E9E6935BA0F},39927.9157122329,43847690.3314867
306,E09000030,Tower Hamlets, ,536340,181452,-0.03647,51.515541,{855A9B25-E078-4084-B369-EF8F1FBF56CA},28755.006273148,19770868.2223352
307,E09000031,Waltham Forest, ,537328,190278,-0.0188,51.594608,{8CF59AAA-3CEC-43E8-898E-AC4C0B122A45},33346.5752711046,38810231.0116404
308,E09000032,Wandsworth, ,525152,174138,-0.20021001,51.4524,{3663EAF3-7734-4281-B40F-16A0A23B385F},38839.8585877928,34261867.3389499
309,E09000033,Westminster, ,528268,180871,-0.15295,51.512211,{68E031CA-5A24-4FBE-9A25-5AF8D09AAA43},27534.1316680137,21482611.197782
310,S12000005,Clackmannanshire, ,291178,696402,-3.75316,56.147839,{FE28F14C-C1E9-407E-B831-0C14BCC44DB3},96934.5372320526,159185046.780161
311,S12000006,Dumfries and Galloway, ,270645,579856,-4.0286298,55.09621,{5BEA59B1-A954-4160-9647-3DD675510A92},1207100.79655475,6436566764.09709
312,S12000008,East Ayrshire, ,255398,624935,-4.2905698,55.496738,{62BEA1C0-CF7F-4765-AFBD-12D83B4D6966},340964.440963998,1270342032.2148
313,S12000010,East Lothian, ,354854,672351,-2.72435,55.94207,{93D50A4C-28E0-43C0-A2EF-30C875A226D7},202128.87265825,679240892.618404
314,S12000011,East Renfrewshire, ,251929,653115,-4.3606,55.74868,{D1BF8B36-82C4-4C07-BDB4-3B59D0118F43},93882.4298837804,174249494.081675
315,S12000013,Na h-Eileanan Siar, ,126473,932862,-6.6572199,58.199379,{A777F5AD-20FF-46F5-9541-60F398D4FFC0},3871068.33882015,3096614749.11111
316,S12000014,Falkirk, ,285585,680168,-3.83619,56.000751,{005B8834-91B5-43D2-B67F-B4D9F59F945D},169062.826125422,297127560.139272
317,S12000017,Highland, ,241018,858292,-4.6610298,57.586571,{7136EDBB-3CA0-40CB-BDBD-D321851BBB84},5228313.52755521,26158744575.5182
318,S12000018,Inverclyde, ,227922,670894,-4.75387,55.900299,{2B03EC74-1BB0-483E-8992-E008AD9F71F7},79292.1188586133,161948856.608221
319,S12000019,Midlothian, ,330088,659217,-3.1173799,55.82111,{5EFDA081-F86F-4F22-B1F9-37432C13E532},126470.990462398,355271578.326523
320,S12000020,Moray, ,328015,843590,-3.2020199,57.476799,{4F9C7AC3-9029-4CF7-B09C-8547F3D81E55},463278.21810875,2237554237.4717
321,S12000021,North Ayrshire, ,228996,651640,-4.7245998,55.72789,{071945B3-8DA1-4006-9DE4-91E631A130EF},350167.481325773,885284942.954869
322,S12000023,Orkney Islands, ,348293,1006584,-2.90025,58.94334,{412067FF-DF4A-4B23-8C87-F34737FD320F},1203117.00914491,1015036193.374
323,S12000026,Scottish Borders, ,345889,626137,-2.85869,55.525951,{F988E14D-E83F-4F70-A33D-D475F0191538},514330.561763588,4739167854.45028
324,S12000027,Shetland Islands, ,434516,1180307,-1.37344,60.504951,{AEF7F92F-1E0E-471C-A03E-90ECABB3D840},2321876.1601024,1468514416.84475
325,S12000028,South Ayrshire, ,226545,596271,-4.7289901,55.23008,{E1346414-2B6F-4232-9259-3F2553333145},334722.079696844,1224369285.16605
326,S12000029,South Lanarkshire, ,284634,636071,-3.83272,55.60453,{55DB50B8-88D0-4A5F-9650-FCD1AA11634B},284527.322494954,1773897195.3437
327,S12000030,Stirling, ,255980,708769,-4.3259501,56.249531,{21CAA449-2761-4317-98EC-626FE7E46A65},374946.182274352,2252533429.02213
328,S12000033,Aberdeen City, ,387763,808479,-2.20398,57.166969,{1768BA9A-FD68-469A-83F8-75D426EB6E90},123490.692834601,185566198.962722
329,S12000034,Aberdeenshire, ,352284,816277,-2.7920799,57.234692,{D77722A3-01EB-4991-AD00-F9C6351AD791},795104.459048158,6318011418.76714
330,S12000035,Argyll and Bute, ,200740,715443,-5.2211399,56.28944,{606E3932-BC4A-42F0-B44D-28061C2E5A70},3795946.11257702,7005854069.48816
331,S12000036,City of Edinburgh, ,320193,669417,-3.27826,55.911201,{D1D093F5-BFAE-441E-9A01-B2EC27E68A32},110339.006536691,263390596.412176
332,S12000038,Renfrewshire, ,239305,664698,-4.5683398,55.848621,{5092BE91-26AF-4831-9BF7-F2E9FFAF9CD5},131636.108048526,261487693.123717
333,S12000039,West Dunbartonshire, ,242904,681586,-4.52074,56.0014,{8886E3F3-8308-4B6E-B76B-3569A1258F42},103696.856598265,177320342.664825
334,S12000040,West Lothian, ,299483,668514,-3.6090901,55.8992,{22EB251B-A20C-49B9-B12D-C29FB42428D8},134896.994739104,428772888.98765
335,S12000041,Angus, ,345506,759636,-2.8921001,56.725182,{B4474411-922B-4169-8CC1-13E427E39172},328926.663947585,2184982991.10124
336,S12000042,Dundee City, ,340291,732145,-2.9709499,56.4776,{C0308F3B-EE0A-4E70-A8C1-CA5E45AE915C},47831.2210168885,59800691.0851123
337,S12000045,East Dunbartonshire, ,261240,676154,-4.2241702,55.95829,{6D0EF7B2-8971-4284-AFCB-3E0AE76418FC},99602.3601592653,174489023.422349
338,S12000047,Fife, ,339187,704721,-2.9825101,56.231121,{D4241AD9-3921-4EEA-BC67-2DFFA0A33999},358326.920220926,1325190177.81807
339,S12000048,Perth and Kinross, ,284302,744185,-3.88484,56.575279,{2722F74F-FE17-4C50-87DF-69EB72DF6A69},633252.328522911,5383770897.17152
340,S12000049,Glasgow City, ,261534,667033,-4.2147899,55.876492,{73732C2A-E0B3-4304-925D-BFBEA968B7FA},135582.99800793,174621293.706873
341,S12000050,North Lanarkshire, ,277984,665608,-3.9514,55.868141,{AEC5B66D-F880-4721-9979-445AD255B0D2},163984.671595743,472309075.162361
342,W06000001,Isle of Anglesey,Ynys Môn,245217,378331,-4.3229799,53.279308,{DBC48B9D-E895-4B12-99A1-9898CB702329},378962.153549842,715212566.823742
343,W06000002,Gwynedd,Gwynedd,280555,334966,-3.7771499,52.89883,{DFFE5A97-03CC-49F1-A596-812F2422F85F},643031.186078294,2548293001.49182
344,W06000003,Conwy,Conwy,283293,362563,-3.74646,53.147388,{C13BFC14-2425-451A-A120-C72827F1AC67},283264.262204981,1130178952.57124
345,W06000004,Denbighshire,Sir Ddinbych,309843,355416,-3.34761,53.088329,{2D9F47AE-21A1-4FA8-A951-D1A6F03419E5},228754.688991225,838716186.145463
346,W06000005,Flintshire,Sir y Fflint,321134,369280,-3.1824801,53.21471,{4F8AC53F-41E4-4B27-BDD2-B6EE37748F3D},239008.264926853,439830286.776266
347,W06000006,Wrexham,Wrecsam,333523,345387,-2.9920299,53.001671,{5A3C7F16-C3D1-4DDE-9C95-F7379087C549},190040.487574015,503773487.93262
348,W06000008,Ceredigion,Ceredigion,267127,268437,-3.94993,52.297951,{5AA1BD91-4D73-42DF-890D-2CCDD0867AFE},382134.551623007,1788379278.2018
349,W06000009,Pembrokeshire,Sir Benfro,199821,221392,-4.9081802,51.855129,{21B75D23-FB56-4333-AC4D-9BC0C68A9CF8},743271.4116769,1618344602.56812
350,W06000010,Carmarthenshire,Sir Gaerfyrddin,247954,224133,-4.2111001,51.894951,{F0741C8F-5C45-42D7-9BF9-53006B32542A},591758.358208379,2371104004.24184
351,W06000011,Swansea,Abertawe,264022,197308,-3.9672301,51.658058,{BCB1FBC6-81B3-4236-94E9-6316790171AD},270826.91229845,377614559.601041
352,W06000012,Neath Port Talbot,Castell-nedd Port Talbot,279261,195412,-3.7463801,51.644501,{6E66BD5C-96FF-44B4-AD99-558B6C70ABDA},182189.873896437,442272615.121089
353,W06000013,Bridgend,Pen-y-bont ar Ogwr,288231,185870,-3.61375,51.5606,{42CDD599-ED8A-4AD5-89EB-07E261CC8441},93192.1892347876,250785304.379961
354,W06000014,Vale of Glamorgan,Bro Morgannwg,302947,173080,-3.39801,51.44836,{E23CB760-8A7A-4595-842B-352932185812},108403.096935855,331261393.923654
355,W06000015,Cardiff,Caerdydd,315272,178887,-3.22209,51.502541,{FC7A52A7-94AF-4B3C-A571-27021D34C5EC},79618.4229383757,142303624.581364
356,W06000016,Rhondda Cynon Taf,Rhondda Cynon Taf,302237,192395,-3.41359,51.621849,{436A2F95-DE36-4D88-8E4D-0AF1A0CD390C},130240.624602837,424150424.955384
357,W06000018,Caerphilly,Caerffili,317245,195259,-3.19753,51.650009,{37659DCC-6B20-4C0F-96EE-D50FF720B55C},116205.600666614,277387820.795293
358,W06000019,Blaenau Gwent,Blaenau Gwent,318236,206771,-3.18592,51.753639,{A7C33925-2B78-4D9F-8E82-5C3EB912AFE3},65601.6744409078,108728048.165286
359,W06000020,Torfaen,Torfaen,327459,200480,-3.0510099,51.69836,{5236D7C9-0915-4B85-892F-E20C75A88AF6},82544.7709799912,126239927.8676
360,W06000021,Monmouthshire,Sir Fynwy,337812,209231,-2.9028001,51.778271,{DE1A5DCB-A91E-40BF-B3B3-3E13EED9203F},224917.242780518,850326621.679468
361,W06000022,Newport,Casnewydd,337897,187432,-2.8976901,51.58231,{A1AE351C-86E5-4CD8-9A76-88563A52C817},153216.300044047,190431130.834864
362,W06000023,Powys,Powys,302329,273255,-3.4353099,52.34864,{5CB7E231-AD03-40D5-9F64-1E0FBEB6DB4B},610121.315602944,5195311014.48908
363,W06000024,Merthyr Tydfil,Merthyr Tudful,305916,206424,-3.3642499,51.748581,{36B84B56-AE19-4824-BA04-1BDE550BB313},66696.8154449643,111957012.020428
